Name,Link,Brand
Nautica Voyage,https://www.fragrantica.com/perfume/Nautica/Nautica-Voyage-913.html,Nautica
Cool Water,https://www.fragrantica.com/perfume/Davidoff/Cool-Water-507.html,Davidoff
Boss Bottled,https://www.fragrantica.com/perfume/Hugo-Boss/Boss-Bottled-383.html,Hugo Boss
London for Men,https://www.fragrantica.com/perfume/Burberry/London-for-Men-804.html,Burberry
Joop! Homme,https://www.fragrantica.com/perfume/Joop/Joop-Homme-1251.html,Joop!
CK One Shock For Him,https://www.fragrantica.com/perfume/Calvin-Klein/CK-One-Shock-For-Him-12520.html,Calvin Klein
Gucci Guilty Absolute,https://www.fragrantica.com/perfume/Gucci/Gucci-Guilty-Absolute-43040.html,Gucci
Cool Water Intense,https://www.fragrantica.com/perfume/Davidoff/Cool-Water-Intense-55266.html,Davidoff
Touch for Men,https://www.fragrantica.com/perfume/Burberry/Touch-for-Men-815.html,Burberry
Eternity For Men,https://www.fragrantica.com/perfume/Calvin-Klein/Eternity-For-Men-258.html,Calvin Klein
Zino Davidoff,https://www.fragrantica.com/perfume/Davidoff/Zino-Davidoff-590.html,Davidoff
Obsession for Men,https://www.fragrantica.com/perfume/Calvin-Klein/Obsession-for-Men-249.html,Calvin Klein
Hugo,https://www.fragrantica.com/perfume/Hugo-Boss/Hugo-570.html,Hugo Boss
Gucci Guilty Pour Homme Parfum,https://www.fragrantica.com/perfume/Gucci/Gucci-Guilty-Pour-Homme-Parfum-71378.html,Gucci
Hero Eau de Parfum,https://www.fragrantica.com/perfume/Burberry/Hero-Eau-de-Parfum-75182.html,Burberry
Boss Bottled Night,https://www.fragrantica.com/perfume/Hugo-Boss/Boss-Bottled-Night-8825.html,Hugo Boss
Hero,https://www.fragrantica.com/perfume/Burberry/Hero-68627.html,Burberry
Boss The Scent,https://www.fragrantica.com/perfume/Hugo-Boss/Boss-The-Scent-31445.html,Hugo Boss
Boss Bottled Intense Eau de Parfum,https://www.fragrantica.com/perfume/Hugo-Boss/Boss-Bottled-Intense-Eau-de-Parfum-40468.html,Hugo Boss
Guilty Pour Homme,https://www.fragrantica.com/perfume/Gucci/Guilty-Pour-Homme-11037.html,Gucci
Boss The Scent Private Accord,https://www.fragrantica.com/perfume/Hugo-Boss/Boss-The-Scent-Private-Accord-50874.html,Hugo Boss
Burberry Brit for Men,https://www.fragrantica.com/perfume/Burberry/Burberry-Brit-for-Men-1115.html,Burberry
Gucci Guilty Black Pour Homme,https://www.fragrantica.com/perfume/Gucci/Gucci-Guilty-Black-Pour-Homme-17322.html,Gucci
Boss Bottled Infinite,https://www.fragrantica.com/perfume/Hugo-Boss/Boss-Bottled-Infinite-54204.html,Hugo Boss
Hugo Reversed,https://www.fragrantica.com/perfume/Hugo-Boss/Hugo-Reversed-52953.html,Hugo Boss
Sculpture Homme,https://www.fragrantica.com/perfume/Nikos/Sculpture-Homme-925.html,Nikos
Gucci Pour Homme II,https://www.fragrantica.com/perfume/Gucci/Gucci-Pour-Homme-II-1119.html,Gucci
Boss Bottled Unlimited,https://www.fragrantica.com/perfume/Hugo-Boss/Boss-Bottled-Unlimited-22528.html,Hugo Boss
Boss The Scent For Him Magnetic,https://www.fragrantica.com/perfume/Hugo-Boss/Boss-The-Scent-For-Him-Magnetic-78424.html,Hugo Boss
Euphoria Men,https://www.fragrantica.com/perfume/Calvin-Klein/Euphoria-Men-799.html,Calvin Klein
Boss The Scent Absolute,https://www.fragrantica.com/perfume/Hugo-Boss/Boss-The-Scent-Absolute-56295.html,Hugo Boss
Burberry Men,https://www.fragrantica.com/perfume/Burberry/Burberry-Men-817.html,Burberry
Guilty Pour Homme Eau de Parfum,https://www.fragrantica.com/perfume/Gucci/Guilty-Pour-Homme-Eau-de-Parfum-59987.html,Gucci
Nautica Blue,https://www.fragrantica.com/perfume/Nautica/Nautica-Blue-2480.html,Nautica
Hugo Just Different,https://www.fragrantica.com/perfume/Hugo-Boss/Hugo-Just-Different-12311.html,Hugo Boss
Gucci by Gucci Pour Homme,https://www.fragrantica.com/perfume/Gucci/Gucci-by-Gucci-Pour-Homme-3792.html,Gucci
Boss Bottled Parfum,https://www.fragrantica.com/perfume/Hugo-Boss/Boss-Bottled-Parfum-75183.html,Hugo Boss
CK IN2U for Him,https://www.fragrantica.com/perfume/Calvin-Klein/CK-IN2U-for-Him-933.html,Calvin Klein
Envy for Men,https://www.fragrantica.com/perfume/Gucci/Envy-for-Men-688.html,Gucci
Gucci pour Homme (2003),https://www.fragrantica.com/perfume/Gucci/Gucci-pour-Homme-2003-691.html,Gucci
Boss Bottled Pacific,https://www.fragrantica.com/perfume/Hugo-Boss/Boss-Bottled-Pacific-79762.html,Hugo Boss
Cool Water Parfum,https://www.fragrantica.com/perfume/Davidoff/Cool-Water-Parfum-66525.html,Davidoff
Bottega Veneta Pour Homme,https://www.fragrantica.com/perfume/Bottega-Veneta/Bottega-Veneta-Pour-Homme-18853.html,Bottega Veneta
Hugo Man,https://www.fragrantica.com/perfume/Hugo-Boss/Hugo-Man-64606.html,Hugo Boss
Eternity for Men Eau de Parfum,https://www.fragrantica.com/perfume/Calvin-Klein/Eternity-for-Men-Eau-de-Parfum-56669.html,Calvin Klein
Boss in Motion,https://www.fragrantica.com/perfume/Hugo-Boss/Boss-in-Motion-382.html,Hugo Boss
Eternity Aqua for Men,https://www.fragrantica.com/perfume/Calvin-Klein/Eternity-Aqua-for-Men-8098.html,Calvin Klein
Boss The Scent Le Parfum for Him Le Parfum,https://www.fragrantica.com/perfume/Hugo-Boss/Boss-The-Scent-Le-Parfum-for-Him-Le-Parfum-71500.html,Hugo Boss
Hugo Dark Blue,https://www.fragrantica.com/perfume/Hugo-Boss/Hugo-Dark-Blue-564.html,Hugo Boss
Boss Bottled Tonic,https://www.fragrantica.com/perfume/Hugo-Boss/Boss-Bottled-Tonic-43331.html,Hugo Boss
Joop! Homme Eau de Parfum,https://www.fragrantica.com/perfume/Joop/Joop-Homme-Eau-de-Parfum-67489.html,Joop!
Weekend for Men,https://www.fragrantica.com/perfume/Burberry/Weekend-for-Men-999.html,Burberry
Boss Bottled Eau de Parfum,https://www.fragrantica.com/perfume/Hugo-Boss/Boss-Bottled-Eau-de-Parfum-62744.html,Hugo Boss
Boss Bottled Oud,https://www.fragrantica.com/perfume/Hugo-Boss/Boss-Bottled-Oud-31141.html,Hugo Boss
Boss Number One,https://www.fragrantica.com/perfume/Hugo-Boss/Boss-Number-One-6278.html,Hugo Boss
Escape for Men,https://www.fragrantica.com/perfume/Calvin-Klein/Escape-for-Men-272.html,Calvin Klein
Aspen For Men,https://www.fragrantica.com/perfume/Coty/Aspen-For-Men-17326.html,Coty
Mr. Burberry Indigo,https://www.fragrantica.com/perfume/Burberry/Mr-Burberry-Indigo-49095.html,Burberry
Hot Water,https://www.fragrantica.com/perfume/Davidoff/Hot-Water-6282.html,Davidoff
Joop! Homme Le Parfum,https://www.fragrantica.com/perfume/Joop/Joop-Homme-Le-Parfum-72309.html,Joop!
Mr. Burberry,https://www.fragrantica.com/perfume/Burberry/Mr-Burberry-32565.html,Burberry
Joop! Homme Wild,https://www.fragrantica.com/perfume/Joop/Joop-Homme-Wild-15945.html,Joop!
Euphoria Men Intense,https://www.fragrantica.com/perfume/Calvin-Klein/Euphoria-Men-Intense-1952.html,Calvin Klein
Hugo Extreme,https://www.fragrantica.com/perfume/Hugo-Boss/Hugo-Extreme-34871.html,Hugo Boss
Boss Orange for Men,https://www.fragrantica.com/perfume/Hugo-Boss/Boss-Orange-for-Men-11070.html,Hugo Boss
Mr. Burberry Eau de Parfum,https://www.fragrantica.com/perfume/Burberry/Mr-Burberry-Eau-de-Parfum-43525.html,Burberry
Cool Water Grapefruit & Sage,https://www.fragrantica.com/perfume/Davidoff/Cool-Water-Grapefruit-Sage-74605.html,Davidoff
Boss Bottled Intense,https://www.fragrantica.com/perfume/Hugo-Boss/Boss-Bottled-Intense-29904.html,Hugo Boss
Nautica Voyage N-83,https://www.fragrantica.com/perfume/Nautica/Nautica-Voyage-N-83-23097.html,Nautica
Defy,https://www.fragrantica.com/perfume/Calvin-Klein/Defy-68225.html,Calvin Klein
Sun Men,https://www.fragrantica.com/perfume/Jil-Sander/Sun-Men-619.html,Jil Sander
Cool Water Wave,https://www.fragrantica.com/perfume/Davidoff/Cool-Water-Wave-44618.html,Davidoff
Boss The Scent Intense,https://www.fragrantica.com/perfume/Hugo-Boss/Boss-The-Scent-Intense-44512.html,Hugo Boss
Reveal Men,https://www.fragrantica.com/perfume/Calvin-Klein/Reveal-Men-27996.html,Calvin Klein
CK Free,https://www.fragrantica.com/perfume/Calvin-Klein/CK-Free-6281.html,Calvin Klein
Hugo Iced,https://www.fragrantica.com/perfume/Hugo-Boss/Hugo-Iced-42484.html,Hugo Boss
Jovan Musk for Men,https://www.fragrantica.com/perfume/Jovan/Jovan-Musk-for-Men-7469.html,Jovan
Hugo Energise,https://www.fragrantica.com/perfume/Hugo-Boss/Hugo-Energise-569.html,Hugo Boss
Illusione for Him,https://www.fragrantica.com/perfume/Bottega-Veneta/Illusione-for-Him-55301.html,Bottega Veneta
Brit Rhythm for Him Intense,https://www.fragrantica.com/perfume/Burberry/Brit-Rhythm-for-Him-Intense-29561.html,Burberry
Boss Bottled Oud Saffron,https://www.fragrantica.com/perfume/Hugo-Boss/Boss-Bottled-Oud-Saffron-53338.html,Hugo Boss
Gucci Guilty Cologne pour Homme,https://www.fragrantica.com/perfume/Gucci/Gucci-Guilty-Cologne-pour-Homme-53867.html,Gucci
Burberry Brit Rhythm,https://www.fragrantica.com/perfume/Burberry/Burberry-Brit-Rhythm-18903.html,Burberry
Truth For Men,https://www.fragrantica.com/perfume/Calvin-Klein/Truth-For-Men-268.html,Calvin Klein
Wow!,https://www.fragrantica.com/perfume/Joop/Wow-42887.html,Joop!
Defy Eau de Parfum,https://www.fragrantica.com/perfume/Calvin-Klein/Defy-Eau-de-Parfum-75683.html,Calvin Klein
Intimately Beckham Men,https://www.fragrantica.com/perfume/David-Beckham/Intimately-Beckham-Men-1949.html,David Beckham
Euphoria Amber Gold Men,https://www.fragrantica.com/perfume/Calvin-Klein/Euphoria-Amber-Gold-Men-49560.html,Calvin Klein
Adventure,https://www.fragrantica.com/perfume/Davidoff/Adventure-1728.html,Davidoff
Tiffany & Love For Him,https://www.fragrantica.com/perfume/Tiffany/Tiffany-Love-For-Him-57031.html,Tiffany
Joop! Jump,https://www.fragrantica.com/perfume/Joop/Joop-Jump-1040.html,Joop!
Joop! Homme Ice,https://www.fragrantica.com/perfume/Joop/Joop-Homme-Ice-60848.html,Joop!
Man,https://www.fragrantica.com/perfume/Calvin-Klein/Man-1656.html,Calvin Klein
Instinct,https://www.fragrantica.com/perfume/David-Beckham/Instinct-2772.html,David Beckham
Eternity Parfum For Men,https://www.fragrantica.com/perfume/Calvin-Klein/Eternity-Parfum-For-Men-75798.html,Calvin Klein
Nautica,https://www.fragrantica.com/perfume/Nautica/Nautica-2479.html,Nautica
Nautica Voyage Sport,https://www.fragrantica.com/perfume/Nautica/Nautica-Voyage-Sport-36402.html,Nautica
Boss Selection,https://www.fragrantica.com/perfume/Hugo-Boss/Boss-Selection-387.html,Hugo Boss
Bottega Veneta Pour Homme Extreme,https://www.fragrantica.com/perfume/Bottega-Veneta/Bottega-Veneta-Pour-Homme-Extreme-29351.html,Bottega Veneta
Eternity Now For Men,https://www.fragrantica.com/perfume/Calvin-Klein/Eternity-Now-For-Men-31000.html,Calvin Klein
Gucci Guilty Intense Pour Homme,https://www.fragrantica.com/perfume/Gucci/Gucci-Guilty-Intense-Pour-Homme-13075.html,Gucci
Gucci Rush for Men,https://www.fragrantica.com/perfume/Gucci/Gucci-Rush-for-Men-693.html,Gucci
Obsession Night for Men,https://www.fragrantica.com/perfume/Calvin-Klein/Obsession-Night-for-Men-251.html,Calvin Klein
Boss Bottled Marine,https://www.fragrantica.com/perfume/Hugo-Boss/Boss-Bottled-Marine-72259.html,Hugo Boss
JOOP! Homme Absolute,https://www.fragrantica.com/perfume/Joop/JOOP-Homme-Absolute-53450.html,Joop!
Hugo Red,https://www.fragrantica.com/perfume/Hugo-Boss/Hugo-Red-17157.html,Hugo Boss
Bottega Veneta Pour Homme Parfum,https://www.fragrantica.com/perfume/Bottega-Veneta/Bottega-Veneta-Pour-Homme-Parfum-42651.html,Bottega Veneta
Nightflight,https://www.fragrantica.com/perfume/Joop/Nightflight-1721.html,Joop!
Davidoff Cool Water Man Coral Reef Edition,https://www.fragrantica.com/perfume/Davidoff/Davidoff-Cool-Water-Man-Coral-Reef-Edition-23599.html,Davidoff
Boss Bottled Elixir,https://www.fragrantica.com/perfume/Hugo-Boss/Boss-Bottled-Elixir-84074.html,Hugo Boss
Contradiction,https://www.fragrantica.com/perfume/Calvin-Klein/Contradiction-256.html,Calvin Klein
Vera Wang for Men,https://www.fragrantica.com/perfume/Vera-Wang/Vera-Wang-for-Men-1598.html,Vera Wang
Crave,https://www.fragrantica.com/perfume/Calvin-Klein/Crave-273.html,Calvin Klein
Cool Water Reborn,https://www.fragrantica.com/perfume/Davidoff/Cool-Water-Reborn-73603.html,Davidoff
Burberry London Special Edition for Men,https://www.fragrantica.com/perfume/Burberry/Burberry-London-Special-Edition-for-Men-4693.html,Burberry
The Beat for Men,https://www.fragrantica.com/perfume/Burberry/The-Beat-for-Men-4509.html,Burberry
Gucci Nobile,https://www.fragrantica.com/perfume/Gucci/Gucci-Nobile-689.html,Gucci
Good Life,https://www.fragrantica.com/perfume/Davidoff/Good-Life-510.html,Davidoff
Gucci Guilty Eau Pour Homme,https://www.fragrantica.com/perfume/Gucci/Gucci-Guilty-Eau-Pour-Homme-34643.html,Gucci
Stetson,https://www.fragrantica.com/perfume/Coty/Stetson-5506.html,Coty
Balenciaga Pour Homme,https://www.fragrantica.com/perfume/Balenciaga/Balenciaga-Pour-Homme-13517.html,Balenciaga
Eternity Flame For Men,https://www.fragrantica.com/perfume/Calvin-Klein/Eternity-Flame-For-Men-52856.html,Calvin Klein
The Game,https://www.fragrantica.com/perfume/Davidoff/The-Game-17087.html,Davidoff
Adidas Ice Dive,https://www.fragrantica.com/perfume/Adidas/Adidas-Ice-Dive-7211.html,Adidas
Midnight Voyage,https://www.fragrantica.com/perfume/Nautica/Midnight-Voyage-59563.html,Nautica
Nautica Voyage Heritage,https://www.fragrantica.com/perfume/Nautica/Nautica-Voyage-Heritage-57679.html,Nautica
Escada Magnetism for Men,https://www.fragrantica.com/perfume/Escada/Escada-Magnetism-for-Men-1037.html,Escada
Joop! Go,https://www.fragrantica.com/perfume/Joop/Joop-Go-1253.html,Joop!
Hugo XY,https://www.fragrantica.com/perfume/Hugo-Boss/Hugo-XY-1509.html,Hugo Boss
Champion,https://www.fragrantica.com/perfume/Davidoff/Champion-9109.html,Davidoff
Homme,https://www.fragrantica.com/perfume/David-Beckham/Homme-12427.html,David Beckham
Guilty Elixir de Parfum pour Homme,https://www.fragrantica.com/perfume/Gucci/Guilty-Elixir-de-Parfum-pour-Homme-84547.html,Gucci
Eternity Air For Men,https://www.fragrantica.com/perfume/Calvin-Klein/Eternity-Air-For-Men-48717.html,Calvin Klein
Bang,https://www.fragrantica.com/perfume/Marc-Jacobs/Bang-8968.html,Marc Jacobs
Run Wild,https://www.fragrantica.com/perfume/Davidoff/Run-Wild-54931.html,Davidoff
Gucci by Gucci Sport,https://www.fragrantica.com/perfume/Gucci/Gucci-by-Gucci-Sport-7943.html,Gucci
Made to Measure,https://www.fragrantica.com/perfume/Gucci/Made-to-Measure-18703.html,Gucci
Marc Jacobs Men,https://www.fragrantica.com/perfume/Marc-Jacobs/Marc-Jacobs-Men-1409.html,Marc Jacobs
Eternity Summer Daze For Men,https://www.fragrantica.com/perfume/Calvin-Klein/Eternity-Summer-Daze-For-Men-73287.html,Calvin Klein
Sex Appeal,https://www.fragrantica.com/perfume/Jovan/Sex-Appeal-7529.html,Jovan
Sculpture Parfum,https://www.fragrantica.com/perfume/Nikos/Sculpture-Parfum-74214.html,Nikos
Dark Obsession,https://www.fragrantica.com/perfume/Calvin-Klein/Dark-Obsession-17602.html,Calvin Klein
Escada Sentiment pour Homme,https://www.fragrantica.com/perfume/Escada/Escada-Sentiment-pour-Homme-1180.html,Escada
Obsessed for Men,https://www.fragrantica.com/perfume/Calvin-Klein/Obsessed-for-Men-45709.html,Calvin Klein
Gucci Guilty Love Edition Pour Homme,https://www.fragrantica.com/perfume/Gucci/Gucci-Guilty-Love-Edition-Pour-Homme-58768.html,Gucci
Sander for Men,https://www.fragrantica.com/perfume/Jil-Sander/Sander-for-Men-617.html,Jil Sander
Burberry London for Men Special Edition 2009,https://www.fragrantica.com/perfume/Burberry/Burberry-London-for-Men-Special-Edition-2009-6911.html,Burberry
Horizon,https://www.fragrantica.com/perfume/Davidoff/Horizon-35819.html,Davidoff
Hugo Now,https://www.fragrantica.com/perfume/Hugo-Boss/Hugo-Now-58823.html,Hugo Boss
Boss Soul,https://www.fragrantica.com/perfume/Hugo-Boss/Boss-Soul-384.html,Hugo Boss
Boss Bottled Absolute,https://www.fragrantica.com/perfume/Hugo-Boss/Boss-Bottled-Absolute-57483.html,Hugo Boss
Boss The Scent Parfum Edition,https://www.fragrantica.com/perfume/Hugo-Boss/Boss-The-Scent-Parfum-Edition-47460.html,Hugo Boss
Wow! Eau de Toilette Fresh,https://www.fragrantica.com/perfume/Joop/Wow-Eau-de-Toilette-Fresh-67963.html,Joop!
Blue Sail,https://www.fragrantica.com/perfume/Nautica/Blue-Sail-70889.html,Nautica
Cool Water Street Fighter Champion Summer Edition For Him,https://www.fragrantica.com/perfume/Davidoff/Cool-Water-Street-Fighter-Champion-Summer-Edition-For-Him-66374.html,Davidoff
James Bond 007,https://www.fragrantica.com/perfume/Eon-Productions/James-Bond-007-15944.html,Eon Productions
Hugo Reflective Edition,https://www.fragrantica.com/perfume/Hugo-Boss/Hugo-Reflective-Edition-72706.html,Hugo Boss
Boss Bottled United,https://www.fragrantica.com/perfume/Hugo-Boss/Boss-Bottled-United-50109.html,Hugo Boss
Escada pour Homme,https://www.fragrantica.com/perfume/Escada/Escada-pour-Homme-1364.html,Escada
Encounter,https://www.fragrantica.com/perfume/Calvin-Klein/Encounter-15279.html,Calvin Klein
Obsessed for Men Intense,https://www.fragrantica.com/perfume/Calvin-Klein/Obsessed-for-Men-Intense-48102.html,Calvin Klein
Silver Shadow,https://www.fragrantica.com/perfume/Davidoff/Silver-Shadow-1314.html,Davidoff
Burberry Sport for Men,https://www.fragrantica.com/perfume/Burberry/Burberry-Sport-for-Men-7614.html,Burberry
Eternity Cologne For Men,https://www.fragrantica.com/perfume/Calvin-Klein/Eternity-Cologne-For-Men-62323.html,Calvin Klein
Boss The Scent Pure Accord For Him,https://www.fragrantica.com/perfume/Hugo-Boss/Boss-The-Scent-Pure-Accord-For-Him-64829.html,Hugo Boss
Echo,https://www.fragrantica.com/perfume/Davidoff/Echo-587.html,Davidoff
Hugo Jeans Man,https://www.fragrantica.com/perfume/Hugo-Boss/Hugo-Jeans-Man-78426.html,Hugo Boss
White Musk,https://www.fragrantica.com/perfume/Jovan/White-Musk-7531.html,Jovan
Boss In Motion (2022),https://www.fragrantica.com/perfume/Hugo-Boss/Boss-In-Motion-2022-80400.html,Hugo Boss
Boss Bottled Sport,https://www.fragrantica.com/perfume/Hugo-Boss/Boss-Bottled-Sport-14597.html,Hugo Boss
Adidas Victory League,https://www.fragrantica.com/perfume/Adidas/Adidas-Victory-League-3163.html,Adidas
Classic Blue,https://www.fragrantica.com/perfume/David-Beckham/Classic-Blue-25966.html,David Beckham
Davidoff,https://www.fragrantica.com/perfume/Davidoff/Davidoff-1333.html,Davidoff
Boss Element,https://www.fragrantica.com/perfume/Hugo-Boss/Boss-Element-5243.html,Hugo Boss
Mexx Black for Him,https://www.fragrantica.com/perfume/Mexx/Mexx-Black-for-Him-5734.html,Mexx
Adidas Active Bodies,https://www.fragrantica.com/perfume/Adidas/Adidas-Active-Bodies-7873.html,Adidas
Bottega Veneta Pour Homme Essence Aromatique,https://www.fragrantica.com/perfume/Bottega-Veneta/Bottega-Veneta-Pour-Homme-Essence-Aromatique-35623.html,Bottega Veneta
Pure Game,https://www.fragrantica.com/perfume/Adidas/Pure-Game-11527.html,Adidas
Burberry Brit Splash for Men,https://www.fragrantica.com/perfume/Burberry/Burberry-Brit-Splash-for-Men-30672.html,Burberry
Boss Bottled Oud Aromatic,https://www.fragrantica.com/perfume/Hugo-Boss/Boss-Bottled-Oud-Aromatic-53339.html,Hugo Boss
Classic,https://www.fragrantica.com/perfume/David-Beckham/Classic-18548.html,David Beckham
Nautica Life,https://www.fragrantica.com/perfume/Nautica/Nautica-Life-26057.html,Nautica
Cool Water Aquaman Collector,https://www.fragrantica.com/perfume/Davidoff/Cool-Water-Aquaman-Collector-60889.html,Davidoff
Boss Elements,https://www.fragrantica.com/perfume/Hugo-Boss/Boss-Elements-571.html,Hugo Boss
Cool Water Night Dive,https://www.fragrantica.com/perfume/Davidoff/Cool-Water-Night-Dive-23045.html,Davidoff
Calvin,https://www.fragrantica.com/perfume/Calvin-Klein/Calvin-274.html,Calvin Klein
Jil Sander Sun Men Fresh,https://www.fragrantica.com/perfume/Jil-Sander/Jil-Sander-Sun-Men-Fresh-2483.html,Jil Sander
Mr. Burberry Element,https://www.fragrantica.com/perfume/Burberry/Mr-Burberry-Element-60796.html,Burberry
Adidas Dynamic Pulse,https://www.fragrantica.com/perfume/Adidas/Adidas-Dynamic-Pulse-21829.html,Adidas
The Brilliant Game,https://www.fragrantica.com/perfume/Davidoff/The-Brilliant-Game-28801.html,Davidoff
Moves,https://www.fragrantica.com/perfume/Adidas/Moves-21916.html,Adidas
CK One Red Edition for Him,https://www.fragrantica.com/perfume/Calvin-Klein/CK-One-Red-Edition-for-Him-22327.html,Calvin Klein
Tiffany for Men,https://www.fragrantica.com/perfume/Tiffany/Tiffany-for-Men-3134.html,Tiffany
What About Adam,https://www.fragrantica.com/perfume/Joop/What-About-Adam-663.html,Joop!
Boss Bottled United Eau de Parfum,https://www.fragrantica.com/perfume/Hugo-Boss/Boss-Bottled-United-Eau-de-Parfum-66466.html,Hugo Boss
Adidas Team Force,https://www.fragrantica.com/perfume/Adidas/Adidas-Team-Force-7207.html,Adidas
Sculpture Homme God's Night,https://www.fragrantica.com/perfume/Nikos/Sculpture-Homme-God-s-Night-42277.html,Nikos
Liquid Gold Euphoria Men,https://www.fragrantica.com/perfume/Calvin-Klein/Liquid-Gold-Euphoria-Men-24787.html,Calvin Klein
Beyond,https://www.fragrantica.com/perfume/David-Beckham/Beyond-31171.html,David Beckham
Gucci Pour Homme (1976),https://www.fragrantica.com/perfume/Gucci/Gucci-Pour-Homme-1976-6831.html,Gucci
Nautica Aqua Rush,https://www.fragrantica.com/perfume/Nautica/Nautica-Aqua-Rush-14820.html,Nautica
Adidas Get Ready! For Him,https://www.fragrantica.com/perfume/Adidas/Adidas-Get-Ready-For-Him-23743.html,Adidas
Cool Water Ocean Extreme,https://www.fragrantica.com/perfume/Davidoff/Cool-Water-Ocean-Extreme-39241.html,Davidoff
Signature for Him,https://www.fragrantica.com/perfume/David-Beckham/Signature-for-Him-3796.html,David Beckham
Gucci Guilty Pour Homme Platinum,https://www.fragrantica.com/perfume/Gucci/Gucci-Guilty-Pour-Homme-Platinum-40648.html,Gucci
Cristobal pour Homme,https://www.fragrantica.com/perfume/Balenciaga/Cristobal-pour-Homme-399.html,Balenciaga
Magic Man,https://www.fragrantica.com/perfume/Bruno-Banani/Magic-Man-2738.html,Bruno Banani
Silver Shadow Altitude,https://www.fragrantica.com/perfume/Davidoff/Silver-Shadow-Altitude-1315.html,Davidoff
Respect,https://www.fragrantica.com/perfume/David-Beckham/Respect-46144.html,David Beckham
Boss Bottled Collector Eau de Parfum,https://www.fragrantica.com/perfume/Hugo-Boss/Boss-Bottled-Collector-Eau-de-Parfum-69594.html,Hugo Boss
The Collection Elegant Vetiver,https://www.fragrantica.com/perfume/Hugo-Boss/The-Collection-Elegant-Vetiver-71673.html,Hugo Boss
Euphoria Gold Men,https://www.fragrantica.com/perfume/Calvin-Klein/Euphoria-Gold-Men-25813.html,Calvin Klein
Adidas UEFA Champions League Edition,https://www.fragrantica.com/perfume/Adidas/Adidas-UEFA-Champions-League-Edition-26757.html,Adidas
Bold Instinct,https://www.fragrantica.com/perfume/David-Beckham/Bold-Instinct-62483.html,David Beckham
Boss Elements Aqua,https://www.fragrantica.com/perfume/Hugo-Boss/Boss-Elements-Aqua-3206.html,Hugo Boss
Preferred Stock,https://www.fragrantica.com/perfume/Coty/Preferred-Stock-29196.html,Coty
Bruno Banani Man,https://www.fragrantica.com/perfume/Bruno-Banani/Bruno-Banani-Man-962.html,Bruno Banani
Gravity,https://www.fragrantica.com/perfume/Coty/Gravity-32493.html,Coty
The Essence,https://www.fragrantica.com/perfume/David-Beckham/The-Essence-15956.html,David Beckham
Eternity for Men Reflections,https://www.fragrantica.com/perfume/Calvin-Klein/Eternity-for-Men-Reflections-79844.html,Calvin Klein
Boss In Motion White,https://www.fragrantica.com/perfume/Hugo-Boss/Boss-In-Motion-White-5887.html,Hugo Boss
Defy Parfum,https://www.fragrantica.com/perfume/Calvin-Klein/Defy-Parfum-83044.html,Calvin Klein
Davidoff Cool Water Men Ice Fresh,https://www.fragrantica.com/perfume/Davidoff/Davidoff-Cool-Water-Men-Ice-Fresh-7932.html,Davidoff
Illusione Bois Nu,https://www.fragrantica.com/perfume/Bottega-Veneta/Illusione-Bois-Nu-68564.html,Bottega Veneta
Relax,https://www.fragrantica.com/perfume/Davidoff/Relax-1320.html,Davidoff
Ho Hang,https://www.fragrantica.com/perfume/Balenciaga/Ho-Hang-441.html,Balenciaga
Boss Pure,https://www.fragrantica.com/perfume/Hugo-Boss/Boss-Pure-2642.html,Hugo Boss
Eternity for Men Intense,https://www.fragrantica.com/perfume/Calvin-Klein/Eternity-for-Men-Intense-41918.html,Calvin Klein
Guilty Love Edition MMXXI pour Homme,https://www.fragrantica.com/perfume/Gucci/Guilty-Love-Edition-MMXXI-pour-Homme-64359.html,Gucci
Crossmen Original,https://www.fragrantica.com/perfume/Coty/Crossmen-Original-36503.html,Coty
Boss Spirit,https://www.fragrantica.com/perfume/Hugo-Boss/Boss-Spirit-8952.html,Hugo Boss
Wow! Eau de Parfum Intense For Men,https://www.fragrantica.com/perfume/Joop/Wow-Eau-de-Parfum-Intense-For-Men-57091.html,Joop!
Jil Sander Man I (Man Pure),https://www.fragrantica.com/perfume/Jil-Sander/Jil-Sander-Man-I-Man-Pure-14533.html,Jil Sander
Joop! Homme Sport,https://www.fragrantica.com/perfume/Joop/Joop-Homme-Sport-34438.html,Joop!
Ho Hang Club,https://www.fragrantica.com/perfume/Balenciaga/Ho-Hang-Club-14435.html,Balenciaga
Sun Men Summer Edition,https://www.fragrantica.com/perfume/Jil-Sander/Sun-Men-Summer-Edition-60075.html,Jil Sander
Boss Sport,https://www.fragrantica.com/perfume/Hugo-Boss/Boss-Sport-9975.html,Hugo Boss
BOSS The Collection Silk & Jasmine,https://www.fragrantica.com/perfume/Hugo-Boss/BOSS-The-Collection-Silk-Jasmine-12260.html,Hugo Boss
Jil Sander Man,https://www.fragrantica.com/perfume/Jil-Sander/Jil-Sander-Man-1716.html,Jil Sander
Bang Bang,https://www.fragrantica.com/perfume/Marc-Jacobs/Bang-Bang-12534.html,Marc Jacobs
Boss Bottled Collector's Edition,https://www.fragrantica.com/perfume/Hugo-Boss/Boss-Bottled-Collector-s-Edition-29630.html,Hugo Boss
Boss Orange for Men Feel Good Summer,https://www.fragrantica.com/perfume/Hugo-Boss/Boss-Orange-for-Men-Feel-Good-Summer-18282.html,Hugo Boss
Life Energy,https://www.fragrantica.com/perfume/Nautica/Life-Energy-31832.html,Nautica
The Collection Noble Wood,https://www.fragrantica.com/perfume/Hugo-Boss/The-Collection-Noble-Wood-71675.html,Hugo Boss
Cool Water Game for Him,https://www.fragrantica.com/perfume/Davidoff/Cool-Water-Game-for-Him-1317.html,Davidoff
CK Free Blue,https://www.fragrantica.com/perfume/Calvin-Klein/CK-Free-Blue-13497.html,Calvin Klein
Background,https://www.fragrantica.com/perfume/Jil-Sander/Background-623.html,Jil Sander
Adidas Deep Energy,https://www.fragrantica.com/perfume/Adidas/Adidas-Deep-Energy-21828.html,Adidas
Gucci Guilty Studs Pour Homme,https://www.fragrantica.com/perfume/Gucci/Gucci-Guilty-Studs-Pour-Homme-22527.html,Gucci
Mexx Ice Touch Man (2014),https://www.fragrantica.com/perfume/Mexx/Mexx-Ice-Touch-Man-2014-26464.html,Mexx
Eternity For Men Summer 2020,https://www.fragrantica.com/perfume/Calvin-Klein/Eternity-For-Men-Summer-2020-59859.html,Calvin Klein
The Game Intense,https://www.fragrantica.com/perfume/Davidoff/The-Game-Intense-18863.html,Davidoff
Beyond Forever,https://www.fragrantica.com/perfume/David-Beckham/Beyond-Forever-39299.html,David Beckham
Masculin 2,https://www.fragrantica.com/perfume/Bourjois/Masculin-2-26343.html,Bourjois
Joop! Homme Extreme,https://www.fragrantica.com/perfume/Joop/Joop-Homme-Extreme-27498.html,Joop!
Varon Dandy,https://www.fragrantica.com/perfume/Parera/Varon-Dandy-36735.html,Parera
Escada Casual Friday,https://www.fragrantica.com/perfume/Escada/Escada-Casual-Friday-1371.html,Escada
Loyal Man,https://www.fragrantica.com/perfume/Bruno-Banani/Loyal-Man-57604.html,Bruno Banani
Adrenaline,https://www.fragrantica.com/perfume/Enrique-Iglesias/Adrenaline-25965.html,Enrique Iglesias
Feeling Man,https://www.fragrantica.com/perfume/Jil-Sander/Feeling-Man-1717.html,Jil Sander
Pure Gold Euphoria Men,https://www.fragrantica.com/perfume/Calvin-Klein/Pure-Gold-Euphoria-Men-44224.html,Calvin Klein
Nautica Competition,https://www.fragrantica.com/perfume/Nautica/Nautica-Competition-2481.html,Nautica
Splash,https://www.fragrantica.com/perfume/Joop/Splash-10986.html,Joop!
Burberrys for Men (1981),https://www.fragrantica.com/perfume/Burberry/Burberrys-for-Men-1981-6830.html,Burberry
Escada Moon Sparkle pour Homme,https://www.fragrantica.com/perfume/Escada/Escada-Moon-Sparkle-pour-Homme-2208.html,Escada
Joop! Homme Black King,https://www.fragrantica.com/perfume/Joop/Joop-Homme-Black-King-40224.html,Joop!
Sunset Heat for Men,https://www.fragrantica.com/perfume/Escada/Sunset-Heat-for-Men-836.html,Escada
Joop! Homme Red King,https://www.fragrantica.com/perfume/Joop/Joop-Homme-Red-King-40225.html,Joop!
Horizon Extreme,https://www.fragrantica.com/perfume/Davidoff/Horizon-Extreme-42144.html,Davidoff
Team Five,https://www.fragrantica.com/perfume/Adidas/Team-Five-20613.html,Adidas
Cool Water Deep,https://www.fragrantica.com/perfume/Davidoff/Cool-Water-Deep-511.html,Davidoff
Burberry Summer for Men 2013,https://www.fragrantica.com/perfume/Burberry/Burberry-Summer-for-Men-2013-17582.html,Burberry
Euphoria Essence Men,https://www.fragrantica.com/perfume/Calvin-Klein/Euphoria-Essence-Men-31115.html,Calvin Klein
Burberry Brit Summer for Men,https://www.fragrantica.com/perfume/Burberry/Burberry-Brit-Summer-for-Men-14633.html,Burberry
Boss In Motion Orange Made For Summer,https://www.fragrantica.com/perfume/Hugo-Boss/Boss-In-Motion-Orange-Made-For-Summer-12306.html,Hugo Boss
Portos,https://www.fragrantica.com/perfume/Balenciaga/Portos-14431.html,Balenciaga
Mexx Man,https://www.fragrantica.com/perfume/Mexx/Mexx-Man-903.html,Mexx
Champion Energy,https://www.fragrantica.com/perfume/Davidoff/Champion-Energy-12612.html,Davidoff
Nautica Island Voyage,https://www.fragrantica.com/perfume/Nautica/Nautica-Island-Voyage-914.html,Nautica
Davidoff Cool Water National Geographic Pristine Seas,https://www.fragrantica.com/perfume/Davidoff/Davidoff-Cool-Water-National-Geographic-Pristine-Seas-31842.html,Davidoff
Coty Musk for Men,https://www.fragrantica.com/perfume/Coty/Coty-Musk-for-Men-28599.html,Coty
The Collection Magnetic Musk,https://www.fragrantica.com/perfume/Hugo-Boss/The-Collection-Magnetic-Musk-71677.html,Hugo Boss
The Collection Daring Saffiano,https://www.fragrantica.com/perfume/Hugo-Boss/The-Collection-Daring-Saffiano-71672.html,Hugo Boss
Man's Best,https://www.fragrantica.com/perfume/Bruno-Banani/Man-s-Best-46766.html,Bruno Banani
Black Musk,https://www.fragrantica.com/perfume/Jovan/Black-Musk-7532.html,Jovan
Sun Men Parfum,https://www.fragrantica.com/perfume/Jil-Sander/Sun-Men-Parfum-67323.html,Jil Sander
Boss In Motion Blue,https://www.fragrantica.com/perfume/Hugo-Boss/Boss-In-Motion-Blue-567.html,Hugo Boss
Hugo Urban Journey,https://www.fragrantica.com/perfume/Hugo-Boss/Hugo-Urban-Journey-48091.html,Hugo Boss
Latitude Longitude,https://www.fragrantica.com/perfume/Nautica/Latitude-Longitude-2478.html,Nautica
Cool Water Oceanic Edition,https://www.fragrantica.com/perfume/Davidoff/Cool-Water-Oceanic-Edition-84033.html,Davidoff
Jil Sander Man Absolute,https://www.fragrantica.com/perfume/Jil-Sander/Jil-Sander-Man-Absolute-4637.html,Jil Sander
Eternity For Men Summer 2019,https://www.fragrantica.com/perfume/Calvin-Klein/Eternity-For-Men-Summer-2019-54344.html,Calvin Klein
Stetson Black,https://www.fragrantica.com/perfume/Coty/Stetson-Black-5507.html,Coty
Boss In Motion Green,https://www.fragrantica.com/perfume/Hugo-Boss/Boss-In-Motion-Green-568.html,Hugo Boss
The Collection Vigorous Cologne,https://www.fragrantica.com/perfume/Hugo-Boss/The-Collection-Vigorous-Cologne-71676.html,Hugo Boss
CK IN2U Him Collectables,https://www.fragrantica.com/perfume/Calvin-Klein/CK-IN2U-Him-Collectables-6927.html,Calvin Klein
Cool Water Caribbean Summer Edition,https://www.fragrantica.com/perfume/Davidoff/Cool-Water-Caribbean-Summer-Edition-49659.html,Davidoff
CK One Shock Street Edition for Him,https://www.fragrantica.com/perfume/Calvin-Klein/CK-One-Shock-Street-Edition-for-Him-16475.html,Calvin Klein
Oceans,https://www.fragrantica.com/perfume/Nautica/Oceans-5140.html,Nautica
Made for Men,https://www.fragrantica.com/perfume/Bruno-Banani/Made-for-Men-7538.html,Bruno Banani
James Bond 007 Ocean Royale,https://www.fragrantica.com/perfume/Eon-Productions/James-Bond-007-Ocean-Royale-17832.html,Eon Productions
Nikos,https://www.fragrantica.com/perfume/Nikos/Nikos-926.html,Nikos
Encounter Fresh,https://www.fragrantica.com/perfume/Calvin-Klein/Encounter-Fresh-18597.html,Calvin Klein
BOSS The Collection Velvet & Amber,https://www.fragrantica.com/perfume/Hugo-Boss/BOSS-The-Collection-Velvet-Amber-12263.html,Hugo Boss
Boss In Motion Black,https://www.fragrantica.com/perfume/Hugo-Boss/Boss-In-Motion-Black-5565.html,Hugo Boss
BOSS The Collection Damask Oud,https://www.fragrantica.com/perfume/Hugo-Boss/BOSS-The-Collection-Damask-Oud-18336.html,Hugo Boss
The Collection Bold Incense,https://www.fragrantica.com/perfume/Hugo-Boss/The-Collection-Bold-Incense-71671.html,Hugo Boss
Pure Man,https://www.fragrantica.com/perfume/Bruno-Banani/Pure-Man-964.html,Bruno Banani
Jacq's,https://www.fragrantica.com/perfume/Coty/Jacq-s-76181.html,Coty
Eternity For Men Summer 2010,https://www.fragrantica.com/perfume/Calvin-Klein/Eternity-For-Men-Summer-2010-7975.html,Calvin Klein
Joop! Thrill Man,https://www.fragrantica.com/perfume/Joop/Joop-Thrill-Man-5180.html,Joop!
Avatar,https://www.fragrantica.com/perfume/Coty/Avatar-8894.html,Coty
Adidas UEFA Victory Edition,https://www.fragrantica.com/perfume/Adidas/Adidas-UEFA-Victory-Edition-53833.html,Adidas
Absolute Man,https://www.fragrantica.com/perfume/Bruno-Banani/Absolute-Man-22042.html,Bruno Banani
Sun Men Lavender & Vetiver,https://www.fragrantica.com/perfume/Jil-Sander/Sun-Men-Lavender-Vetiver-66373.html,Jil Sander
MEXX Fresh Man,https://www.fragrantica.com/perfume/Mexx/MEXX-Fresh-Man-13191.html,Mexx
Eternity 25th Anniversary Edition for Men,https://www.fragrantica.com/perfume/Calvin-Klein/Eternity-25th-Anniversary-Edition-for-Men-24790.html,Calvin Klein
Boss Orange Man Charity Edition,https://www.fragrantica.com/perfume/Hugo-Boss/Boss-Orange-Man-Charity-Edition-14230.html,Hugo Boss
Raw Vanilla,https://www.fragrantica.com/perfume/Coty/Raw-Vanilla-6102.html,Coty
Hugo Energize Spray,https://www.fragrantica.com/perfume/Hugo-Boss/Hugo-Energize-Spray-2405.html,Hugo Boss
BOSS The Collection Cashmere & Patchouli,https://www.fragrantica.com/perfume/Hugo-Boss/BOSS-The-Collection-Cashmere-Patchouli-12261.html,Hugo Boss
Davidoff Cool Water Summer Dive Man,https://www.fragrantica.com/perfume/Davidoff/Davidoff-Cool-Water-Summer-Dive-Man-11346.html,Davidoff
Mexx Ice Touch Man,https://www.fragrantica.com/perfume/Mexx/Mexx-Ice-Touch-Man-1072.html,Mexx
Adventure Amazonia,https://www.fragrantica.com/perfume/Davidoff/Adventure-Amazonia-5209.html,Davidoff
Marc Jacobs Splash Cucumber,https://www.fragrantica.com/perfume/Marc-Jacobs/Marc-Jacobs-Splash-Cucumber-1663.html,Marc Jacobs
Escada pour Homme Light Silver Edition,https://www.fragrantica.com/perfume/Escada/Escada-pour-Homme-Light-Silver-Edition-1363.html,Escada
The Collection Energetic Foug√®re,https://www.fragrantica.com/perfume/Hugo-Boss/The-Collection-Energetic-Fougere-71674.html,Hugo Boss
Instinct Sport,https://www.fragrantica.com/perfume/David-Beckham/Instinct-Sport-14337.html,David Beckham
Masculin 2 Black Instant,https://www.fragrantica.com/perfume/Bourjois/Masculin-2-Black-Instant-37133.html,Bourjois
Ginseng NRG,https://www.fragrantica.com/perfume/Jovan/Ginseng-NRG-7530.html,Jovan
Born Original for Him,https://www.fragrantica.com/perfume/Adidas/Born-Original-for-Him-31214.html,Adidas
James Bond 007 Quantum,https://www.fragrantica.com/perfume/Eon-Productions/James-Bond-007-Quantum-18969.html,Eon Productions
Adidas Sport Field,https://www.fragrantica.com/perfume/Adidas/Adidas-Sport-Field-7208.html,Adidas
Strictly Jil Sander Fresh,https://www.fragrantica.com/perfume/Jil-Sander/Strictly-Jil-Sander-Fresh-48473.html,Jil Sander
Boss in Motion edition IV,https://www.fragrantica.com/perfume/Hugo-Boss/Boss-in-Motion-edition-IV-1171.html,Hugo Boss
Inspired by Respect,https://www.fragrantica.com/perfume/David-Beckham/Inspired-by-Respect-51211.html,David Beckham
Oleg Cassini,https://www.fragrantica.com/perfume/Jovan/Oleg-Cassini-47475.html,Jovan
Cool Water Summer Fizz,https://www.fragrantica.com/perfume/Davidoff/Cool-Water-Summer-Fizz-35856.html,Davidoff
Cool Water Frozen,https://www.fragrantica.com/perfume/Davidoff/Cool-Water-Frozen-1332.html,Davidoff
Wolfgang Joop,https://www.fragrantica.com/perfume/Joop/Wolfgang-Joop-4076.html,Joop!
Burberry Summer for Men,https://www.fragrantica.com/perfume/Burberry/Burberry-Summer-for-Men-2551.html,Burberry
Silver Shadow Pure Blend,https://www.fragrantica.com/perfume/Davidoff/Silver-Shadow-Pure-Blend-1334.html,Davidoff
Cool Water Into The Ocean for Men,https://www.fragrantica.com/perfume/Davidoff/Cool-Water-Into-The-Ocean-for-Men-17479.html,Davidoff
Rococo for Men,https://www.fragrantica.com/perfume/Joop/Rococo-for-Men-2091.html,Joop!
Masculin Acier,https://www.fragrantica.com/perfume/Bourjois/Masculin-Acier-13739.html,Bourjois
Strictly Jil Sander,https://www.fragrantica.com/perfume/Jil-Sander/Strictly-Jil-Sander-31668.html,Jil Sander
Adidas Sport CHRG For Him,https://www.fragrantica.com/perfume/Adidas/Adidas-Sport-CHRG-For-Him-59442.html,Adidas
Eternity Night for Men,https://www.fragrantica.com/perfume/Calvin-Klein/Eternity-Night-for-Men-25922.html,Calvin Klein
Boss Bottled 20th Anniversary Edition,https://www.fragrantica.com/perfume/Hugo-Boss/Boss-Bottled-20th-Anniversary-Edition-53149.html,Hugo Boss
McGraw,https://www.fragrantica.com/perfume/Tim-McGraw/McGraw-4873.html,Tim McGraw
Masculin Equateur,https://www.fragrantica.com/perfume/Bourjois/Masculin-Equateur-13738.html,Bourjois
Dangerous Man,https://www.fragrantica.com/perfume/Bruno-Banani/Dangerous-Man-14375.html,Bruno Banani
Mexx Pure Life Man,https://www.fragrantica.com/perfume/Mexx/Mexx-Pure-Life-Man-1077.html,Mexx
Eternity for Men Summer 2015,https://www.fragrantica.com/perfume/Calvin-Klein/Eternity-for-Men-Summer-2015-29629.html,Calvin Klein
Hot Water Night,https://www.fragrantica.com/perfume/Davidoff/Hot-Water-Night-17283.html,Davidoff
Nautica Sunset Voyage,https://www.fragrantica.com/perfume/Nautica/Nautica-Sunset-Voyage-3103.html,Nautica
BOSS The Collection Wool & Musk,https://www.fragrantica.com/perfume/Hugo-Boss/BOSS-The-Collection-Wool-Musk-12262.html,Hugo Boss
Eternity for Men Summer 2017,https://www.fragrantica.com/perfume/Calvin-Klein/Eternity-for-Men-Summer-2017-43378.html,Calvin Klein
Sun Men Fizz,https://www.fragrantica.com/perfume/Jil-Sander/Sun-Men-Fizz-36972.html,Jil Sander
Ultrasense White,https://www.fragrantica.com/perfume/Jil-Sander/Ultrasense-White-28822.html,Jil Sander
Stetson Sierra,https://www.fragrantica.com/perfume/Coty/Stetson-Sierra-5510.html,Coty
Cool Water Happy Summer Man,https://www.fragrantica.com/perfume/Davidoff/Cool-Water-Happy-Summer-Man-44590.html,Davidoff
Cool Water Pacific Summer Edition for Men,https://www.fragrantica.com/perfume/Davidoff/Cool-Water-Pacific-Summer-Edition-for-Men-45648.html,Davidoff
Silver Shadow Private,https://www.fragrantica.com/perfume/Davidoff/Silver-Shadow-Private-4625.html,Davidoff
Jil Sander Pure for Men,https://www.fragrantica.com/perfume/Jil-Sander/Jil-Sander-Pure-for-Men-4194.html,Jil Sander
James Bond 007 Seven,https://www.fragrantica.com/perfume/Eon-Productions/James-Bond-007-Seven-31784.html,Eon Productions
Route 66,https://www.fragrantica.com/perfume/Coty/Route-66-13138.html,Coty
Jil Sander Sun Men Sport,https://www.fragrantica.com/perfume/Jil-Sander/Jil-Sander-Sun-Men-Sport-42955.html,Jil Sander
Nikos Sculpture Fresh Blue,https://www.fragrantica.com/perfume/Nikos/Nikos-Sculpture-Fresh-Blue-2631.html,Nikos
Pure Nautica Discovery,https://www.fragrantica.com/perfume/Nautica/Pure-Nautica-Discovery-12322.html,Nautica
Fresh Impact,https://www.fragrantica.com/perfume/Adidas/Fresh-Impact-5596.html,Adidas
Gucci Guilty Pour Homme Diamond,https://www.fragrantica.com/perfume/Gucci/Gucci-Guilty-Pour-Homme-Diamond-29028.html,Gucci
The Collection Confident Oud,https://www.fragrantica.com/perfume/Hugo-Boss/The-Collection-Confident-Oud-71678.html,Hugo Boss
Southern Blend,https://www.fragrantica.com/perfume/Tim-McGraw/Southern-Blend-6395.html,Tim McGraw
Amen,https://www.fragrantica.com/perfume/Philosophy/Amen-4850.html,Philosophy
James Bond 007 Pour Homme,https://www.fragrantica.com/perfume/Eon-Productions/James-Bond-007-Pour-Homme-59441.html,Eon Productions
Cool Water Man Summer Edition 2019,https://www.fragrantica.com/perfume/Davidoff/Cool-Water-Man-Summer-Edition-2019-54312.html,Davidoff
Fly High Man,https://www.fragrantica.com/perfume/Mexx/Fly-High-Man-1108.html,Mexx
Follow Your Instinct,https://www.fragrantica.com/perfume/David-Beckham/Follow-Your-Instinct-53350.html,David Beckham
Burberry Brit For Him Limited Edition,https://www.fragrantica.com/perfume/Burberry/Burberry-Brit-For-Him-Limited-Edition-43548.html,Burberry
Adventure Eau Fraiche,https://www.fragrantica.com/perfume/Davidoff/Adventure-Eau-Fraiche-7728.html,Davidoff
Joop! Homme Chill Out,https://www.fragrantica.com/perfume/Joop/Joop-Homme-Chill-Out-3102.html,Joop!
Intimately Beckham Night for Men,https://www.fragrantica.com/perfume/David-Beckham/Intimately-Beckham-Night-for-Men-1951.html,David Beckham
Burberry Brit New Year Edition Pour Homme,https://www.fragrantica.com/perfume/Burberry/Burberry-Brit-New-Year-Edition-Pour-Homme-10274.html,Burberry
Cool Water Man Cool Summer,https://www.fragrantica.com/perfume/Davidoff/Cool-Water-Man-Cool-Summer-5578.html,Davidoff
Cool Water Man Summer Seas,https://www.fragrantica.com/perfume/Davidoff/Cool-Water-Man-Summer-Seas-29540.html,Davidoff
Adidas Game Spirit,https://www.fragrantica.com/perfume/Adidas/Adidas-Game-Spirit-7212.html,Adidas
CK Free Sport,https://www.fragrantica.com/perfume/Calvin-Klein/CK-Free-Sport-23614.html,Calvin Klein
Jil Sander Scent 79 Man,https://www.fragrantica.com/perfume/Jil-Sander/Jil-Sander-Scent-79-Man-1982.html,Jil Sander
Cool Water Exotic Summer,https://www.fragrantica.com/perfume/Davidoff/Cool-Water-Exotic-Summer-35371.html,Davidoff
Jil Sander Man III,https://www.fragrantica.com/perfume/Jil-Sander/Jil-Sander-Man-III-14535.html,Jil Sander
Burberry Sport Ice for Men,https://www.fragrantica.com/perfume/Burberry/Burberry-Sport-Ice-for-Men-10727.html,Burberry
Burberry Summer Men 2009,https://www.fragrantica.com/perfume/Burberry/Burberry-Summer-Men-2009-6036.html,Burberry
BOSS The Collection Cotton & Verbena,https://www.fragrantica.com/perfume/Hugo-Boss/BOSS-The-Collection-Cotton-Verbena-12259.html,Hugo Boss
Bruno Banani No Limits Man,https://www.fragrantica.com/perfume/Bruno-Banani/Bruno-Banani-No-Limits-Man-40779.html,Bruno Banani
Tiffany for Men Sport,https://www.fragrantica.com/perfume/Tiffany/Tiffany-for-Men-Sport-12924.html,Tiffany
Nautica Acqua Rush Gold,https://www.fragrantica.com/perfume/Nautica/Nautica-Acqua-Rush-Gold-17681.html,Nautica
Adidas Sport STRK For Him,https://www.fragrantica.com/perfume/Adidas/Adidas-Sport-STRK-For-Him-59443.html,Adidas
James Bond 007 Seven Intense,https://www.fragrantica.com/perfume/Eon-Productions/James-Bond-007-Seven-Intense-31785.html,Eon Productions
Tropical Musk for Him,https://www.fragrantica.com/perfume/Jovan/Tropical-Musk-for-Him-42768.html,Jovan
Intense Instinct,https://www.fragrantica.com/perfume/David-Beckham/Intense-Instinct-2773.html,David Beckham
Adidas UEFA Champions League Arena Edition,https://www.fragrantica.com/perfume/Adidas/Adidas-UEFA-Champions-League-Arena-Edition-40153.html,Adidas
Eau de Lancaster,https://www.fragrantica.com/perfume/Lancaster/Eau-de-Lancaster-77048.html,Lancaster
Adidas Moves 0:01 Moment of Truth,https://www.fragrantica.com/perfume/Adidas/Adidas-Moves-0-01-Moment-of-Truth-3161.html,Adidas
Adidas Extreme Power,https://www.fragrantica.com/perfume/Adidas/Adidas-Extreme-Power-14636.html,Adidas
Intimately Yours Men,https://www.fragrantica.com/perfume/David-Beckham/Intimately-Yours-Men-9896.html,David Beckham
Joop! Splash Summer Ticket,https://www.fragrantica.com/perfume/Joop/Joop-Splash-Summer-Ticket-14594.html,Joop!
Signature Story for Him,https://www.fragrantica.com/perfume/David-Beckham/Signature-Story-for-Him-6544.html,David Beckham
UEFA Champions League Dare Edition,https://www.fragrantica.com/perfume/Adidas/UEFA-Champions-League-Dare-Edition-63047.html,Adidas
Regatta,https://www.fragrantica.com/perfume/Nautica/Regatta-8656.html,Nautica
Forever Classic Never Boring for Him,https://www.fragrantica.com/perfume/Mexx/Forever-Classic-Never-Boring-for-Him-49824.html,Mexx
Masculin,https://www.fragrantica.com/perfume/Bourjois/Masculin-75696.html,Bourjois
Deeply Yours for Him,https://www.fragrantica.com/perfume/Enrique-Iglesias/Deeply-Yours-for-Him-31627.html,Enrique Iglesias
Adventure,https://www.fragrantica.com/perfume/Adidas/Adventure-12681.html,Adidas
Eternity for Men Summer 2014,https://www.fragrantica.com/perfume/Calvin-Klein/Eternity-for-Men-Summer-2014-23604.html,Calvin Klein
Obsession for Men Summer,https://www.fragrantica.com/perfume/Calvin-Klein/Obsession-for-Men-Summer-37048.html,Calvin Klein
Cool Water Freeze Me,https://www.fragrantica.com/perfume/Davidoff/Cool-Water-Freeze-Me-2690.html,Davidoff
Sculpture Morning Feel,https://www.fragrantica.com/perfume/Nikos/Sculpture-Morning-Feel-26759.html,Nikos
Joop! Homme Sexy In Pink,https://www.fragrantica.com/perfume/Joop/Joop-Homme-Sexy-In-Pink-11596.html,Joop!
Eternity for Men Summer 2016,https://www.fragrantica.com/perfume/Calvin-Klein/Eternity-for-Men-Summer-2016-35912.html,Calvin Klein
Adidas Originals,https://www.fragrantica.com/perfume/Adidas/Adidas-Originals-3159.html,Adidas
Unlock For Him,https://www.fragrantica.com/perfume/Adidas/Unlock-For-Him-55605.html,Adidas
Mexx Whenever Wherever For Him,https://www.fragrantica.com/perfume/Mexx/Mexx-Whenever-Wherever-For-Him-55519.html,Mexx
Joop! Homme Summer Ticket,https://www.fragrantica.com/perfume/Joop/Joop-Homme-Summer-Ticket-14848.html,Joop!
Sport for Men,https://www.fragrantica.com/perfume/Jil-Sander/Sport-for-Men-621.html,Jil Sander
CK Free Energy,https://www.fragrantica.com/perfume/Calvin-Klein/CK-Free-Energy-29972.html,Calvin Klein
Eternity for Men Summer 2011,https://www.fragrantica.com/perfume/Calvin-Klein/Eternity-for-Men-Summer-2011-11342.html,Calvin Klein
LOOK UP NOW: Life Is Surprising For Him,https://www.fragrantica.com/perfume/Mexx/LOOK-UP-NOW-Life-Is-Surprising-For-Him-39482.html,Mexx
Pure Nautica,https://www.fragrantica.com/perfume/Nautica/Pure-Nautica-9933.html,Nautica
Burberry Summer for Men 2011,https://www.fragrantica.com/perfume/Burberry/Burberry-Summer-for-Men-2011-11661.html,Burberry
Strictly Jil Sander Night,https://www.fragrantica.com/perfume/Jil-Sander/Strictly-Jil-Sander-Night-40560.html,Jil Sander
Jil Sander Man II,https://www.fragrantica.com/perfume/Jil-Sander/Jil-Sander-Man-II-14534.html,Jil Sander
Sun Men Eau de Parfum,https://www.fragrantica.com/perfume/Jil-Sander/Sun-Men-Eau-de-Parfum-61169.html,Jil Sander
Mexx City Breeze For Him,https://www.fragrantica.com/perfume/Mexx/Mexx-City-Breeze-For-Him-44049.html,Mexx
Andron for Men,https://www.fragrantica.com/perfume/Jovan/Andron-for-Men-28601.html,Jovan
The Essentials Scent 79 Man,https://www.fragrantica.com/perfume/Jil-Sander/The-Essentials-Scent-79-Man-17290.html,Jil Sander
Burberry Summer for Men 2010,https://www.fragrantica.com/perfume/Burberry/Burberry-Summer-for-Men-2010-8210.html,Burberry
James Bond 007 Cologne,https://www.fragrantica.com/perfume/Eon-Productions/James-Bond-007-Cologne-50121.html,Eon Productions
CK IN2U Heat for Him,https://www.fragrantica.com/perfume/Calvin-Klein/CK-IN2U-Heat-for-Him-5469.html,Calvin Klein
Classic Touch,https://www.fragrantica.com/perfume/David-Beckham/Classic-Touch-52202.html,David Beckham
Grass Oil,https://www.fragrantica.com/perfume/Jovan/Grass-Oil-47596.html,Jovan
James Bond 007 Edition Gold,https://www.fragrantica.com/perfume/Eon-Productions/James-Bond-007-Edition-Gold-16556.html,Eon Productions
Cool Water Game Happy Summer For Men,https://www.fragrantica.com/perfume/Davidoff/Cool-Water-Game-Happy-Summer-For-Men-1322.html,Davidoff
Eau de Balenciaga,https://www.fragrantica.com/perfume/Balenciaga/Eau-de-Balenciaga-14432.html,Balenciaga
Joop! Go Electric Heat,https://www.fragrantica.com/perfume/Joop/Joop-Go-Electric-Heat-5465.html,Joop!
Andros,https://www.fragrantica.com/perfume/Parera/Andros-36732.html,Parera
Masculin Ouragan,https://www.fragrantica.com/perfume/Bourjois/Masculin-Ouragan-13741.html,Bourjois
ck IN2U Heat Him,https://www.fragrantica.com/perfume/Calvin-Klein/ck-IN2U-Heat-Him-8101.html,Calvin Klein
White Sail,https://www.fragrantica.com/perfume/Nautica/White-Sail-5610.html,Nautica
Eternity For Men Summer 2007,https://www.fragrantica.com/perfume/Calvin-Klein/Eternity-For-Men-Summer-2007-2812.html,Calvin Klein
CK IN2U POP for Him,https://www.fragrantica.com/perfume/Calvin-Klein/CK-IN2U-POP-for-Him-3590.html,Calvin Klein
Sun Bath Men,https://www.fragrantica.com/perfume/Jil-Sander/Sun-Bath-Men-28810.html,Jil Sander
Cool Water Sea Scent and Sun,https://www.fragrantica.com/perfume/Davidoff/Cool-Water-Sea-Scent-and-Sun-1330.html,Davidoff
Eternity For Men Collector Edition 2016,https://www.fragrantica.com/perfume/Calvin-Klein/Eternity-For-Men-Collector-Edition-2016-42467.html,Calvin Klein
About Men,https://www.fragrantica.com/perfume/Bruno-Banani/About-Men-6921.html,Bruno Banani
Eternity For Men Summer 2008,https://www.fragrantica.com/perfume/Calvin-Klein/Eternity-For-Men-Summer-2008-2751.html,Calvin Klein
Boss Bottled On The Go Spray,https://www.fragrantica.com/perfume/Hugo-Boss/Boss-Bottled-On-The-Go-Spray-55820.html,Hugo Boss
Joop! Homme Electric Heat,https://www.fragrantica.com/perfume/Joop/Joop-Homme-Electric-Heat-5463.html,Joop!
Eternity for Men Summer 2013,https://www.fragrantica.com/perfume/Calvin-Klein/Eternity-for-Men-Summer-2013-17563.html,Calvin Klein
Cool Water Pure Pacific for Him,https://www.fragrantica.com/perfume/Davidoff/Cool-Water-Pure-Pacific-for-Him-14564.html,Davidoff
Adidas Sport Fever,https://www.fragrantica.com/perfume/Adidas/Adidas-Sport-Fever-7209.html,Adidas
UEFA Champions League Star Edition,https://www.fragrantica.com/perfume/Adidas/UEFA-Champions-League-Star-Edition-37343.html,Adidas
Eternity For Men Summer 2005,https://www.fragrantica.com/perfume/Calvin-Klein/Eternity-For-Men-Summer-2005-263.html,Calvin Klein
Nautica Summer Voyage,https://www.fragrantica.com/perfume/Nautica/Nautica-Summer-Voyage-12140.html,Nautica
Joop! Jump Electric Heat,https://www.fragrantica.com/perfume/Joop/Joop-Jump-Electric-Heat-5464.html,Joop!
Eternity for Men Summer 2012,https://www.fragrantica.com/perfume/Calvin-Klein/Eternity-for-Men-Summer-2012-14020.html,Calvin Klein
Mexx Cocktail Summer Man,https://www.fragrantica.com/perfume/Mexx/Mexx-Cocktail-Summer-Man-45311.html,Mexx
Stetson Country,https://www.fragrantica.com/perfume/Coty/Stetson-Country-5508.html,Coty
Cool Water Deep Summer Fizz,https://www.fragrantica.com/perfume/Davidoff/Cool-Water-Deep-Summer-Fizz-512.html,Davidoff
Stetson Caliber,https://www.fragrantica.com/perfume/Coty/Stetson-Caliber-41058.html,Coty
Fair Play,https://www.fragrantica.com/perfume/Adidas/Fair-Play-3011.html,Adidas
Mexx Pure for Him,https://www.fragrantica.com/perfume/Mexx/Mexx-Pure-for-Him-15990.html,Mexx
Bruno Banani Summer Man Limited Edition 2023,https://www.fragrantica.com/perfume/Bruno-Banani/Bruno-Banani-Summer-Man-Limited-Edition-2023-81925.html,Bruno Banani
Summer Bliss For Him,https://www.fragrantica.com/perfume/Mexx/Summer-Bliss-For-Him-81498.html,Mexx
Masculin 2 Vetyver,https://www.fragrantica.com/perfume/Bourjois/Masculin-2-Vetyver-26342.html,Bourjois
Wolfgang Joop Freigeist,https://www.fragrantica.com/perfume/Joop/Wolfgang-Joop-Freigeist-7809.html,Joop!
Pride Edition Man,https://www.fragrantica.com/perfume/Bruno-Banani/Pride-Edition-Man-55514.html,Bruno Banani
Joop! Homme Hot Summer 2008,https://www.fragrantica.com/perfume/Joop/Joop-Homme-Hot-Summer-2008-3060.html,Joop!
Ultrasense,https://www.fragrantica.com/perfume/Jil-Sander/Ultrasense-19060.html,Jil Sander
Cool Water Deep Sea Scent and Sun,https://www.fragrantica.com/perfume/Davidoff/Cool-Water-Deep-Sea-Scent-and-Sun-1327.html,Davidoff
Inverse,https://www.fragrantica.com/perfume/Kylie-Minogue/Inverse-6489.html,Kylie Minogue
Bruno Banani Summer Men,https://www.fragrantica.com/perfume/Bruno-Banani/Bruno-Banani-Summer-Men-66832.html,Bruno Banani
Joop! Jump Hot Summer 2008,https://www.fragrantica.com/perfume/Joop/Joop-Jump-Hot-Summer-2008-3061.html,Joop!
Adidas Blue Challenge,https://www.fragrantica.com/perfume/Adidas/Adidas-Blue-Challenge-21826.html,Adidas
Or Masculin,https://www.fragrantica.com/perfume/Bourjois/Or-Masculin-37132.html,Bourjois
Stetson Rich Suede,https://www.fragrantica.com/perfume/Coty/Stetson-Rich-Suede-5509.html,Coty
Boss Bottled Unlimited Mats Hummels Edition,https://www.fragrantica.com/perfume/Hugo-Boss/Boss-Bottled-Unlimited-Mats-Hummels-Edition-39242.html,Hugo Boss
Gambler,https://www.fragrantica.com/perfume/Jovan/Gambler-47590.html,Jovan
Vespa for Him,https://www.fragrantica.com/perfume/Vespa/Vespa-for-Him-25408.html,Vespa
Joop! Homme Hot Contact,https://www.fragrantica.com/perfume/Joop/Joop-Homme-Hot-Contact-8653.html,Joop!
Sunrise Men,https://www.fragrantica.com/perfume/Jil-Sander/Sunrise-Men-23616.html,Jil Sander
Magnetic Man,https://www.fragrantica.com/perfume/Bruno-Banani/Magnetic-Man-83823.html,Bruno Banani
Adidas Dare,https://www.fragrantica.com/perfume/Adidas/Adidas-Dare-7202.html,Adidas
Ginseng,https://www.fragrantica.com/perfume/Jovan/Ginseng-47587.html,Jovan
Life is Now for Him,https://www.fragrantica.com/perfume/Mexx/Life-is-Now-for-Him-31413.html,Mexx
Life by Esprit Men,https://www.fragrantica.com/perfume/Esprit/Life-by-Esprit-Men-1345.html,Esprit
Adrenaline Night,https://www.fragrantica.com/perfume/Enrique-Iglesias/Adrenaline-Night-29915.html,Enrique Iglesias
Hugo Create Limited Edition,https://www.fragrantica.com/perfume/Hugo-Boss/Hugo-Create-Limited-Edition-6637.html,Hugo Boss
Eternity For Men Summer 2006,https://www.fragrantica.com/perfume/Calvin-Klein/Eternity-For-Men-Summer-2006-261.html,Calvin Klein
Sculpture Blue Breeze,https://www.fragrantica.com/perfume/Nikos/Sculpture-Blue-Breeze-2482.html,Nikos
Adidas UEFA Best Of The Best,https://www.fragrantica.com/perfume/Adidas/Adidas-UEFA-Best-Of-The-Best-82893.html,Adidas
Eternity For Men Summer 2009,https://www.fragrantica.com/perfume/Calvin-Klein/Eternity-For-Men-Summer-2009-5462.html,Calvin Klein
Joop! Homme Summer Temptation,https://www.fragrantica.com/perfume/Joop/Joop-Homme-Summer-Temptation-3101.html,Joop!
Echo Summer Fizz,https://www.fragrantica.com/perfume/Davidoff/Echo-Summer-Fizz-1326.html,Davidoff
Joop! Homme Beach Clubbing,https://www.fragrantica.com/perfume/Joop/Joop-Homme-Beach-Clubbing-46827.html,Joop!
Intense Touch,https://www.fragrantica.com/perfume/Adidas/Intense-Touch-11528.html,Adidas
Hugo XY Summer Edition,https://www.fragrantica.com/perfume/Hugo-Boss/Hugo-XY-Summer-Edition-5786.html,Hugo Boss
Stetson Fresh,https://www.fragrantica.com/perfume/Coty/Stetson-Fresh-2971.html,Coty
Cristobal pour Homme Cologne d'Orient,https://www.fragrantica.com/perfume/Balenciaga/Cristobal-pour-Homme-Cologne-d-Orient-67956.html,Balenciaga
Joop! Jump Summer Temptation,https://www.fragrantica.com/perfume/Joop/Joop-Jump-Summer-Temptation-1254.html,Joop!
Marc Jacobs Splash Orange,https://www.fragrantica.com/perfume/Marc-Jacobs/Marc-Jacobs-Splash-Orange-1661.html,Marc Jacobs
Energizing Man,https://www.fragrantica.com/perfume/Mexx/Energizing-Man-18908.html,Mexx
Pure Instinct,https://www.fragrantica.com/perfume/David-Beckham/Pure-Instinct-5637.html,David Beckham
Mexx Festival Splashes Men,https://www.fragrantica.com/perfume/Mexx/Mexx-Festival-Splashes-Men-55517.html,Mexx
Stetson All American,https://www.fragrantica.com/perfume/Coty/Stetson-All-American-9159.html,Coty
Made of Instinct,https://www.fragrantica.com/perfume/David-Beckham/Made-of-Instinct-42411.html,David Beckham
Instinct After Dark,https://www.fragrantica.com/perfume/David-Beckham/Instinct-After-Dark-2771.html,David Beckham
Hugo Spray,https://www.fragrantica.com/perfume/Hugo-Boss/Hugo-Spray-2404.html,Hugo Boss
Sun Day Men,https://www.fragrantica.com/perfume/Jil-Sander/Sun-Day-Men-17720.html,Jil Sander
Diversity,https://www.fragrantica.com/perfume/Mexx/Diversity-8466.html,Mexx
Cobalt,https://www.fragrantica.com/perfume/Parera/Cobalt-36731.html,Parera
Devotion for Men,https://www.fragrantica.com/perfume/Gabriela-Sabatini/Devotion-for-Men-1886.html,Gabriela Sabatini
Adidas UEFA Champions League,https://www.fragrantica.com/perfume/Adidas/Adidas-UEFA-Champions-League-82894.html,Adidas
Classic Summer,https://www.fragrantica.com/perfume/David-Beckham/Classic-Summer-23518.html,David Beckham
Joop! Homme Summer Fever,https://www.fragrantica.com/perfume/Joop/Joop-Homme-Summer-Fever-15454.html,Joop!
Sander for Men Summer Cologne,https://www.fragrantica.com/perfume/Jil-Sander/Sander-for-Men-Summer-Cologne-14536.html,Jil Sander
Hugo by Karim Rashid,https://www.fragrantica.com/perfume/Hugo-Boss/Hugo-by-Karim-Rashid-7055.html,Hugo Boss
Masculin 2 Gold Fever,https://www.fragrantica.com/perfume/Bourjois/Masculin-2-Gold-Fever-37980.html,Bourjois
Instinct Gold Edition,https://www.fragrantica.com/perfume/David-Beckham/Instinct-Gold-Edition-29638.html,David Beckham
Scent From Heaven,https://www.fragrantica.com/perfume/Bruno-Banani/Scent-From-Heaven-6920.html,Bruno Banani
Mexx Man Festival Summer,https://www.fragrantica.com/perfume/Mexx/Mexx-Man-Festival-Summer-50114.html,Mexx
Joop! Go Hot Summer 2008,https://www.fragrantica.com/perfume/Joop/Joop-Go-Hot-Summer-2008-3059.html,Joop!
Pure Game Special Edition,https://www.fragrantica.com/perfume/Adidas/Pure-Game-Special-Edition-8108.html,Adidas
Aspen Discovery,https://www.fragrantica.com/perfume/Coty/Aspen-Discovery-17327.html,Coty
Jovan Man,https://www.fragrantica.com/perfume/Jovan/Jovan-Man-47594.html,Jovan
Wild Wind for Men,https://www.fragrantica.com/perfume/Gabriela-Sabatini/Wild-Wind-for-Men-5758.html,Gabriela Sabatini
Tim McGraw Soul2Soul for Him,https://www.fragrantica.com/perfume/Tim-McGraw/Tim-McGraw-Soul2Soul-for-Him-14529.html,Tim McGraw
Boss Bottled Tonic On The Go Spray,https://www.fragrantica.com/perfume/Hugo-Boss/Boss-Bottled-Tonic-On-The-Go-Spray-55819.html,Hugo Boss
Sport Scent,https://www.fragrantica.com/perfume/Jovan/Sport-Scent-47593.html,Jovan
Urban Homme,https://www.fragrantica.com/perfume/David-Beckham/Urban-Homme-17357.html,David Beckham
Simply For Him,https://www.fragrantica.com/perfume/Mexx/Simply-For-Him-81493.html,Mexx
Life by Esprit for Him,https://www.fragrantica.com/perfume/Esprit/Life-by-Esprit-for-Him-50780.html,Esprit
Archetype,https://www.fragrantica.com/perfume/Parera/Archetype-36733.html,Parera
Connect for Him,https://www.fragrantica.com/perfume/Esprit/Connect-for-Him-2554.html,Esprit
The Essentials Pure Man,https://www.fragrantica.com/perfume/Jil-Sander/The-Essentials-Pure-Man-17291.html,Jil Sander
Jeans Style Man,https://www.fragrantica.com/perfume/Esprit/Jeans-Style-Man-11442.html,Esprit
Adidas Moves Pulse Him,https://www.fragrantica.com/perfume/Adidas/Adidas-Moves-Pulse-Him-10383.html,Adidas
Universo,https://www.fragrantica.com/perfume/Coty/Universo-81379.html,Coty
Hugo Man On The Go Spray,https://www.fragrantica.com/perfume/Hugo-Boss/Hugo-Man-On-The-Go-Spray-55818.html,Hugo Boss
Aqua Classic,https://www.fragrantica.com/perfume/David-Beckham/Aqua-Classic-35019.html,David Beckham
Adidas Urban Spice,https://www.fragrantica.com/perfume/Adidas/Adidas-Urban-Spice-7206.html,Adidas
Adidas Adrenaline,https://www.fragrantica.com/perfume/Adidas/Adidas-Adrenaline-21824.html,Adidas
Mexx Man Summer Edition,https://www.fragrantica.com/perfume/Mexx/Mexx-Man-Summer-Edition-12003.html,Mexx
Instinct Ice,https://www.fragrantica.com/perfume/David-Beckham/Instinct-Ice-8107.html,David Beckham
Perspective Man,https://www.fragrantica.com/perfume/Mexx/Perspective-Man-9884.html,Mexx
Satisfaction for Men,https://www.fragrantica.com/perfume/Jovan/Satisfaction-for-Men-9412.html,Jovan
Jovan Monsieur,https://www.fragrantica.com/perfume/Jovan/Jovan-Monsieur-47591.html,Jovan
Born Original Today Pour Lui,https://www.fragrantica.com/perfume/Adidas/Born-Original-Today-Pour-Lui-43407.html,Adidas
Mexx Berlin Summer Edition for Men,https://www.fragrantica.com/perfume/Mexx/Mexx-Berlin-Summer-Edition-for-Men-3603.html,Mexx
Eau de Balenciaga Lavande,https://www.fragrantica.com/perfume/Balenciaga/Eau-de-Balenciaga-Lavande-14433.html,Balenciaga
Esprit Collection Man,https://www.fragrantica.com/perfume/Esprit/Esprit-Collection-Man-1340.html,Esprit
Fever,https://www.fragrantica.com/perfume/Jovan/Fever-43560.html,Jovan
Joop! Go Hot Contact,https://www.fragrantica.com/perfume/Joop/Joop-Go-Hot-Contact-8654.html,Joop!
Imagine for Him,https://www.fragrantica.com/perfume/Esprit/Imagine-for-Him-8436.html,Esprit
Adidas Pure Energy,https://www.fragrantica.com/perfume/Adidas/Adidas-Pure-Energy-3162.html,Adidas
Night Life Summer Edition Man,https://www.fragrantica.com/perfume/Esprit/Night-Life-Summer-Edition-Man-1181.html,Esprit
Magnetic for Him,https://www.fragrantica.com/perfume/Mexx/Magnetic-for-Him-11493.html,Mexx
McGraw Silver,https://www.fragrantica.com/perfume/Tim-McGraw/McGraw-Silver-19157.html,Tim McGraw
Vespa Sensazione for Him,https://www.fragrantica.com/perfume/Vespa/Vespa-Sensazione-for-Him-30891.html,Vespa
Adidas Classic Blue,https://www.fragrantica.com/perfume/Adidas/Adidas-Classic-Blue-21827.html,Adidas
Time to Play Men,https://www.fragrantica.com/perfume/Bruno-Banani/Time-to-Play-Men-3803.html,Bruno Banani
Esprit Horizon Men,https://www.fragrantica.com/perfume/Esprit/Esprit-Horizon-Men-1342.html,Esprit
Celebration for Him,https://www.fragrantica.com/perfume/Esprit/Celebration-for-Him-4484.html,Esprit
Esprit Urban Nature For Men,https://www.fragrantica.com/perfume/Esprit/Esprit-Urban-Nature-For-Men-13340.html,Esprit
Passion Game,https://www.fragrantica.com/perfume/Adidas/Passion-Game-3704.html,Adidas
Mexx Summer is Now Man,https://www.fragrantica.com/perfume/Mexx/Mexx-Summer-is-Now-Man-35844.html,Mexx
Mexx Waterlove Man,https://www.fragrantica.com/perfume/Mexx/Mexx-Waterlove-Man-1074.html,Mexx
VIP Life for Him,https://www.fragrantica.com/perfume/Esprit/VIP-Life-for-Him-6613.html,Esprit
Varon Dandy Platinum,https://www.fragrantica.com/perfume/Parera/Varon-Dandy-Platinum-36734.html,Parera
Wolfgang Joop Freigeist Black Edition,https://www.fragrantica.com/perfume/Joop/Wolfgang-Joop-Freigeist-Black-Edition-29230.html,Joop!
Route 66 Colorado Rain,https://www.fragrantica.com/perfume/Coty/Route-66-Colorado-Rain-22044.html,Coty
Simply You for Him,https://www.fragrantica.com/perfume/Esprit/Simply-You-for-Him-15552.html,Esprit
Esprit Essential For Him,https://www.fragrantica.com/perfume/Esprit/Esprit-Essential-For-Him-69816.html,Esprit
Esprit Man (2019),https://www.fragrantica.com/perfume/Esprit/Esprit-Man-2019-54160.html,Esprit
Signature Summer for Him,https://www.fragrantica.com/perfume/David-Beckham/Signature-Summer-for-Him-11500.html,David Beckham
Crossmen Ascot,https://www.fragrantica.com/perfume/Coty/Crossmen-Ascot-42830.html,Coty
Life by ESPRIT Summer Edition Man 2016,https://www.fragrantica.com/perfume/Esprit/Life-by-ESPRIT-Summer-Edition-Man-2016-35710.html,Esprit
Masculin Barbare,https://www.fragrantica.com/perfume/Bourjois/Masculin-Barbare-17462.html,Bourjois
Masculin Unique,https://www.fragrantica.com/perfume/Bourjois/Masculin-Unique-13742.html,Bourjois
Crossmen St.Andrews,https://www.fragrantica.com/perfume/Coty/Crossmen-St-Andrews-42829.html,Coty
Gravity Zero,https://www.fragrantica.com/perfume/Coty/Gravity-Zero-32494.html,Coty
Adidas 1958 Goool!,https://www.fragrantica.com/perfume/Adidas/Adidas-1958-Goool-63046.html,Adidas
Mexx Spring is Now Man,https://www.fragrantica.com/perfume/Mexx/Mexx-Spring-is-Now-Man-30173.html,Mexx
Feel Happy for Men,https://www.fragrantica.com/perfume/Esprit/Feel-Happy-for-Men-26511.html,Esprit
Adidas 3 Extreme Pour Lui,https://www.fragrantica.com/perfume/Adidas/Adidas-3-Extreme-Pour-Lui-1832.html,Adidas
Tim McGraw Soul2Soul Vintage,https://www.fragrantica.com/perfume/Tim-McGraw/Tim-McGraw-Soul2Soul-Vintage-17603.html,Tim McGraw
Adidas 3 Man,https://www.fragrantica.com/perfume/Adidas/Adidas-3-Man-1829.html,Adidas
One For Him,https://www.fragrantica.com/perfume/Esprit/One-For-Him-62716.html,Esprit
Your Life by Esprit Man,https://www.fragrantica.com/perfume/Esprit/Your-Life-by-Esprit-Man-17429.html,Esprit
Mexx First Sunshine Man,https://www.fragrantica.com/perfume/Mexx/Mexx-First-Sunshine-Man-8608.html,Mexx
Mexx Amsterdam Spring Edition Man,https://www.fragrantica.com/perfume/Mexx/Mexx-Amsterdam-Spring-Edition-Man-1076.html,Mexx
Esprit Pure for Men,https://www.fragrantica.com/perfume/Esprit/Esprit-Pure-for-Men-31926.html,Esprit
Esprit Man,https://www.fragrantica.com/perfume/Esprit/Esprit-Man-18871.html,Esprit
Life by Esprit Night Lights Man,https://www.fragrantica.com/perfume/Esprit/Life-by-Esprit-Night-Lights-Man-40853.html,Esprit
Esprit Urban Nature Summer for Men,https://www.fragrantica.com/perfume/Esprit/Esprit-Urban-Nature-Summer-for-Men-15232.html,Esprit
Masculin Acier Sport,https://www.fragrantica.com/perfume/Bourjois/Masculin-Acier-Sport-13740.html,Bourjois
Groovy Life by Esprit Summer Edition Man,https://www.fragrantica.com/perfume/Esprit/Groovy-Life-by-Esprit-Summer-Edition-Man-5683.html,Esprit
Adidas 3 Frozen,https://www.fragrantica.com/perfume/Adidas/Adidas-3-Frozen-1830.html,Adidas
Dynamic Life for Him,https://www.fragrantica.com/perfume/Esprit/Dynamic-Life-for-Him-2775.html,Esprit
Roots Spirit Man,https://www.fragrantica.com/perfume/Coty/Roots-Spirit-Man-26022.html,Coty
Celebration Happy Vibes for Him,https://www.fragrantica.com/perfume/Esprit/Celebration-Happy-Vibes-for-Him-10111.html,Esprit
Masculine Evasion,https://www.fragrantica.com/perfume/Bourjois/Masculine-Evasion-10087.html,Bourjois
Life by Esprit Summer Edition for Him,https://www.fragrantica.com/perfume/Esprit/Life-by-Esprit-Summer-Edition-for-Him-23326.html,Esprit
Adidas 1962 Ginga,https://www.fragrantica.com/perfume/Adidas/Adidas-1962-Ginga-63045.html,Adidas
Masculin Aguirre,https://www.fragrantica.com/perfume/Bourjois/Masculin-Aguirre-37979.html,Bourjois
Adidas Craque,https://www.fragrantica.com/perfume/Adidas/Adidas-Craque-63042.html,Adidas
Gravity Infinite,https://www.fragrantica.com/perfume/Coty/Gravity-Infinite-32496.html,Coty
Life by ESPRIT Summer Edition 2015 for Him,https://www.fragrantica.com/perfume/Esprit/Life-by-ESPRIT-Summer-Edition-2015-for-Him-29682.html,Esprit
Mexx Spring Edition Man,https://www.fragrantica.com/perfume/Mexx/Mexx-Spring-Edition-Man-21487.html,Mexx
The Alchemist,https://www.fragrantica.com/perfume/Philosophy/The-Alchemist-20285.html,Philosophy
Life by Esprit Special Edition for Man,https://www.fragrantica.com/perfume/Esprit/Life-by-Esprit-Special-Edition-for-Man-47267.html,Esprit
Adidas Reis,https://www.fragrantica.com/perfume/Adidas/Adidas-Reis-63044.html,Adidas
Adidas Ra√ßa,https://www.fragrantica.com/perfume/Adidas/Adidas-Raca-63043.html,Adidas
Coty Pour Homme,https://www.fragrantica.com/perfume/Coty/Coty-Pour-Homme-58657.html,Coty
Esprit Pure Summer Edition For Men,https://www.fragrantica.com/perfume/Esprit/Esprit-Pure-Summer-Edition-For-Men-43157.html,Esprit
Gravity Pure,https://www.fragrantica.com/perfume/Coty/Gravity-Pure-32495.html,Coty
